{
    "Name": "Abilifier",
    "DLL": "Abilifier.dll",

    "Version": "1.0.6",
    "Description": "Allows for choices between abilities when leveling pilots.",
    "Author": "gnivler, T-Bone, thanks to kMiSSioN for allowing reuse of their code creating ability buttons",
    "Website": "",

    "ConflictsWith": [],
    "CustomResourceTypes": [],

    "Settings": {
	"enableTrace": false,
	"enableLog": false,
	"usePopUpsForAbilityDesc": false,
	"debugXP": false,
	"extraFirstTierAbilities": 1,
	"extraAbilities": 0,
	"extraAbilitiesAllowedPerSkill": 0,
	"cleanUpCombatUI": true,
	"abilityReqs":
		{
		"AbilityDefG5":["AbilityDefG8","AbilityDefG8a"]
		}
	},

    "Manifest": [
		{ "Type": "AbilityDef", "Path": "Abilities" },
		{ "Type": "BaseDescriptionDef", "Path": "AbilityDescs" }

    ]
}

  