{
    "Name": "Abilifier",
    "DLL": "Abilifier.dll",

    "Version": "1.0.4",
    "Description": "Allows for choices between abilities when leveling pilots.",
    "Author": "gnivler, T-Bone",
    "Website": "",

    "ConflictsWith": [],
    "CustomResourceTypes": [],

    "Settings": {
	"enableTrace": false,
	"enableLog": false,
	"usePopUpsForAbilityDesc": false,
	"debugXP": false,
	"extraFirstTierAbilities": 1,
	"extraAbilities": 0,
	"extraAbilitiesAllowedPerSkill": 0
	},

    "Manifest": [
		{ "Type": "AbilityDef", "Path": "Abilities" },
		{ "Type": "BaseDescriptionDef", "Path": "AbilityDescs" }

    ]
}
